"Jasper National Park, Canadian Rockies, 1946 ed. (SPCOLL
FC 3664 J385 1946)",N020587,
"The envoy - Archbishop O'Leary High School (Edmonton, Alta.)",N019882,
",,, annual old time rangemen's dinner",N020639,
… annual dinner and round up - Southern Alberta Pioneers and Oldtimers' Association,N020644,
"… annual report of the Provincial Marketing Board, Department of 
Industries and Labour, Government of the Province of Alberta",N020646,
Recommended horticultural varieties and zonation map for Alberta - Alberta Horticultural Advisory Committee,N019650,
Alberta horicultural guide - Alberta Horticultural Advisory Committee,N019887,
Seedtime and harvest - Line Elevators Farm Service,N019680,
"Competitions, Alberta Dairymen's Association",N019797,
"Annual report of the Eastern Rockies Forest Conservation Board: fiscal year, Government of Alberta",N020645,
"The Westmount review - Westmount High School (Edmonton, Alta.)",N019828,
"Mennonitisches Bildungsinstitut - Mennonite Educational Institute (Winnipeg, Man.)",N019850,
"Westgate Mennonite Collegiate - Westgate Mennonite Collegiate (Winnipeg, Man.)",N019892,
"Three corners: The magazine of No. 32 Elementary Flying Training School, Royal Air Force - Bowden - Edmonton Flying Training School",N019868,
The whitecap - St. Paul's School of Nursing,N019888,
"The rainbow - Mennonite Brethren Bible College (Winnipeg, Man.)",N019883,
Estote fideles - St.-Boniface General Hospital Nursing School,N019891,
"The green and gold - Grunthal Collegiate (Grunthal, Man.)",N019902,
Gun talk - Saskatchewan Gun Collectors' Association,N021593,
"Vacation suggestions - Mackie Travel Service (Winnipeg, Man.)",N021600,
"Shrine Circus: Souvenir program - Ancient Arabic Order of the Nobles of the Mystic Shrine for North America. Khartum Temple (Winnipeg, Man.)","N021607
(SUB
N021606)",
Golden Boys' news - Manitoba Travel and Convention Association,N021637,
The centurion - Manitoba Centennial Corporation,N021639,
"The ric-a-dam-doo - 1st Battalion, PPCLI",N021642,
The Griffin advertiser,N026236,N018187
